Unannotated,Spiklet_1,Spiklet_2,Spiklet_3,Spiklet_4
IGDHLQSAESQR,1,1,1,1
EDTEEQVPTNGASFK,1,1,1,1
AETTGHLIYK,1,1,0,1
EVLSLLMQR,1,1,1,1
TFFQQVHPYVATGNK,1,1,1,1
QTAPATGGVK,1,1,1,1
SISTLSLSQR,1,0,0,0
GGGGYGNSDGNWR,1,1,0,0
GATVASDPAESHVASR,1,1,0,1
SVAPPLLVMVHASLR,1,0,0,0
APTSVLSSVTK,1,0,0,0
QDEETSQQIEK,1,1,1,1
SAAPAAAPR,1,0,0,0
VGEVVGGDHQAGR,1,0,0,0
GGPAAAAAPAR,1,1,0,0
QGEETIQQIEK,1,1,1,1
MAENESNPEGIPPSQGGK,1,1,0,1
QVTSQTNNYHR,1,1,1,1
GYGGGGGGGGYGGGGGGGR,1,0,0,0
GVLPAPGGGGPLR,1,0,0,0
WLIELSLAR,1,0,0,0
DVLDNGALIPACVF,1,0,0,0
WAAAAAAAAAAGTGSSR,1,0,0,1
SSPQPSPAPPDPSCR,1,1,0,0
GIGAHLWSLSGR,1,0,0,0
AVLVENDGGQPK,1,0,0,0
PSLPFATASPR,1,1,0,0
GAAAAAAAPAR,1,1,1,1
WVWLLLACSEQEDLR,1,0,0,0
GGGGYGGYGGGGGGYGGGNR,1,1,1,1
EGSGGGGGGGGGASR,1,1,1,0
ALLQAAGPQQR,1,0,0,0
VVLITWELSR,1,1,0,0
GEAAVLAGAR,1,0,0,0
AGGGAGLLR,1,0,0,0
GAPEGGGGGVR,1,0,1,0
PFGPANLAAAAALR,1,0,0,0
FLASASLTSR,1,0,0,0
GPAAGAAAAEPAR,1,0,0,0
PSPSAAGSASAPAR,1,0,0,0
SNGDGAGGGAAAAAPR,1,0,0,0
LSSSMGSQLLLK,1,0,0,0
YAIVLVSHMPNMLR,1,0,0,0
AGAAAAAAAPR,1,0,1,1
LQQVIPLSQR,1,0,0,0
GAAAAAAAAGACGSGR,1,0,0,0
FIMLHVAHTQK,1,0,0,0
VFVTSTSSCLGLNIK,1,0,0,0
GPGGTGTAESGGAGPR,1,0,0,0
LPVILLGMK,1,0,0,0
ASLIIEPIAGSNSLSR,1,0,0,0
AWTAAAAAAAAPR,1,1,1,1
VCIGGGGGGGGGGGVK,1,0,0,0
ASAAAAAEAAAAGAGGGAR,1,0,0,1
CCAGLGAAGGAVR,1,0,0,0
PAILAPLPAR,1,0,0,0
LHNSLGGGGGGVLR,1,0,0,0
GGAGGAGADGGGVR,1,0,0,0
LLLAAAAAALLR,1,0,0,0
AAVAAAAAAAGAGAAEGEGAVDSK,0,1,0,1
YLMEFNSTPGDLMELSPLFSDDSR,0,1,1,0
AASHAVHAPAGPGAR,0,1,1,1
QSAPATGGVK,0,1,1,1
YPSSGLIVDSK,0,1,0,0
QLTTVINSR,0,1,0,0
EAFSSSSSR,0,1,0,0
QVLEEVSILPSK,0,1,1,1
GEAGAGGGDGR,0,1,0,1
AAAAAAASGSR,0,1,1,0
AASAPAASGTPAPPAPR,0,1,1,1
GAAAAVLLR,0,1,0,0
AGAGAPELR,0,1,0,0
LLAAAAAAAQGTVR,0,1,0,0
GEVPALQDGDLYLFESR,0,1,0,0
LFELEEFTR,0,1,1,0
GDAEAAAAAPGGLR,0,1,0,0
LLSAAAAAAPR,0,1,0,0
ALESSAAAAAAAGR,0,1,0,0
GAGGGGGAGGDGGGGR,0,1,0,0
PAAAGGGGGDGGR,0,1,0,0
SLFLAAAAAPAR,0,1,0,0
GGGSGGGGGGGAGR,0,1,0,0
DDGGGGGGGCSGVR,0,1,0,0
QDSFLLSVPSR,0,1,0,0
GALGGGVPHR,0,1,0,0
IDGGGGGGGAK,0,1,0,0
LGFQVCHSLGGGTGSGMGTLLISK,0,1,0,0
EGGGGGGGGGVIR,0,1,0,0
AAAAAAVER,0,1,0,0
IVLHLLDVK,0,1,0,0
GAAAQPGVLR,0,1,0,0
PPPAAAAVSDK,0,1,0,0
AQAGGAGPAR,0,1,0,0
EGGAVAGAAAAGAR,0,1,0,0
AGGGGGGGGER,0,1,1,1
GASGGGGGGGGR,0,1,0,0
AAAFITAIR,0,1,0,0
GGGGNAAAAAALLR,0,1,0,0
LPGPDAGAR,0,1,0,0
AGVAGLHSMK,0,1,0,0
GGGGGGGGGAFLR,0,1,0,0
AAAAIIIIR,0,1,0,0
EEGAGGPAGAGGAGPER,0,1,0,0
SWSAAAAAAPR,0,1,0,0
AATTAGAAAAPAPR,0,1,0,0
GGGGGGGLGVGR,0,1,0,0
SAVVVAAAAAAGR,0,1,0,0
NDYATGPLLSR,0,1,0,1
GAAAGAGAGAR,0,1,0,0
GEGGGGGGGGGAPVGR,0,1,0,0
GPLAPAAAAAGGGAGVGGR,0,1,0,0
TCPAAAAAAPR,0,1,0,0
AGEGGGDGGGPK,0,1,0,0
MPGGSAAAGWR,0,1,0,0
SSAAAAAPAK,0,1,0,0
VGGELGPVLR,0,1,0,0
GAGGPAAPAR,0,1,1,0
VTAGAGAGAGAR,0,1,0,0
SSFGAAAAAPAR,0,1,0,0
GAGAGAAPPR,0,1,0,0
ALPPAAAAASLR,0,1,0,0
ESVGAGPAPAAPR,0,1,0,0
GGGAAAAAAAAGR,0,1,0,0
VSTIPSAHSEAR,0,1,0,0
VLISASSLPNILAMPK,0,1,0,0
VGGAPGHGGGAR,0,1,0,0
HGGGGGGGGGELSR,0,1,0,0
LVQSAAPALR,0,1,0,0
TADGEAAGAAAAAAAGK,0,1,0,0
AAAGGAAAAK,0,1,0,0
SAGGGGGGGGR,0,1,0,0
PLSLSDLSPAPMHGSQLR,0,0,1,1
TATMAGHQVSVTTSR,0,0,1,0
TADDAEQAAQQHK,0,0,1,0
GVDGLFDSFAR,0,0,1,1
DTGVTEESTMGGEK,0,0,1,0
AAAAAAAVGGAGER,0,0,1,0
NYDDLNEYFWR,0,0,1,0
ILIGSNMEEYNK,0,0,1,0
LVIISSVLK,0,0,1,0
DHLIAIVLR,0,0,1,0
PQTLIIIWVGR,0,0,1,0
LLIGTVQILQLSK,0,0,1,0
AFDNIIQGK,0,0,1,0
AAAASALAR,0,0,1,1
LLGGGAAALVR,0,0,1,0
HAGAGLAHALR,0,0,1,0
PGAAAAAAAR,0,0,1,0
GGGGGGGGGLHR,0,0,1,0
APEGGGGGGGGGGGR,0,0,1,0
SLGNGGGGGGER,0,0,1,0
PAAGGAGAPAR,0,0,1,0
PPVGAGAGAGAAR,0,0,1,0
GSAASASLR,0,0,1,0
ISHGVAAAAAAASMR,0,0,1,0
LAAAAAAAPR,0,0,1,0
ATSSCGGGGGGGQR,0,0,1,0
GAAQIASTIR,0,0,1,0
PLWAAAAAAAPR,0,0,1,0
LQFSAGAAGAGAVAVLK,0,0,1,0
GVPGGGAGAAPR,0,0,1,0
SAVEALLSGDPAK,0,0,1,0
SGGPAGAAFR,0,0,1,0
GEAVGAGQGAAR,0,0,1,0
TGGGGGGAGR,0,0,1,0
FGGGGGGGTGTK,0,0,1,0
WGGCGAAGGGGGNR,0,0,1,0
GGGGGGGGGAAGTAR,0,0,1,0
SLGGGGGGGGGGGSCWCHK,0,0,1,0
LVGVSEETTGNK,0,0,1,0
DIFPLSSINM,0,0,1,0
EEGGGGGGGGK,0,0,1,0
SGQCGVAGAAASQVGER,0,0,1,0
VTAPLFEPGELK,0,0,1,0
SPGAGGGGGGGGGGEER,0,0,1,0
GGGGGGGGGGGANR,0,0,1,0
WGSSGAAPAAGGAR,0,0,1,0
PALPPSLEK,0,0,1,0
QFPGVDPNDPSVK,0,0,1,0
HGNIDPTAAGAVYDR,0,0,1,0
GEGGGGVGAAGEGVR,0,0,1,0
VSIGALSPSEDGLK,0,0,1,0
GATEVDGGGGEISEK,0,0,1,0
MPLISSTAGAQR,0,0,1,0
PTGDEGGGGGGGGQR,0,0,1,0
LDGGGGGGGAGR,0,0,1,0
SLGGGGGGGGK,0,0,1,0
TLAAAAAAAPR,0,0,1,1
ATPPLTLPPPPR,0,0,1,0
LQIWDTAGQQER,0,0,1,0
LSSEWMLLLR,0,0,0,1
HTGSVAEYR,0,0,0,1
HTSAALVGPK,0,0,0,1
ASDEGGTEAAQHIR,0,0,0,1
GEIESSSSPR,0,0,0,1
ADSLLIWLAR,0,0,0,1
LGPALAGAAGR,0,0,0,1
VGPVLAAALR,0,0,0,1
GAGGGGALPR,0,0,0,1
GEPAGPGGGGAAHR,0,0,0,1
SSAAAAAAK,0,0,0,1
FEADGAAAGR,0,0,0,1
WTSGAGAAGAR,0,0,0,1
LENNQLALR,0,0,0,1
FPGEAGGGGGGAGGGGGGGGGR,0,0,0,1
HLPSSSSLR,0,0,0,1
VIFMLLQTIPLK,0,0,0,1
GGGGGGGGGGDSR,0,0,0,1
LAVATAGPR,0,0,0,1
SGSSLLLLTR,0,0,0,1
LWAAAASSR,0,0,0,1
ILELLLDTR,0,0,0,1
AASVYAAAVVAWVAAAR,0,0,0,1
LIDQVVHYLEER,0,0,0,1
AAAAAAAGGGR,0,0,0,1
GAAAATASLR,0,0,0,1
GGGGGGGGGGGVK,0,0,0,1
GSLHGYALAGPK,0,0,0,1
GAVVGPGGAGAPLPR,0,0,0,1
IAASLGVIAILER,0,0,0,1
AGAAGGPPGHGGR,0,0,0,1
SPQGAAGLLER,0,0,0,1
LLGDAGAGGGGGR,0,0,0,1
PAAAAAALLR,0,0,0,1
ESCGGGGGGGGGGGGGGGGGV,0,0,0,1
GHFGGSGSGSGSGTR,0,0,0,1
SDGGGAGAGAGGGGDR,0,0,0,1
AGGGGGAGDPAVR,0,0,0,1
GAGQSALLK,0,0,0,1
APAAGSLPR,0,0,0,1
VVFQLPSLGLR,0,0,0,1
PASPAAAAR,0,0,0,1
EAIGAPAAALAR,0,0,0,1
MEPSAAISLR,0,0,0,1
GAGDLGAGGQR,0,0,0,1
IFISSILEGGK,0,0,0,1
HPPAAALPCSR,0,0,0,1
GAAGGGGGAGIR,0,0,0,1
GAGAGGGAGAALR,0,0,0,1
PAAAAAAAAAAPSR,0,0,0,1
NPSTATPAAAAATTVSR,0,0,0,1
GAGGGFGAVR,0,0,0,1
EISGAGGGGAPR,0,0,0,1
DGMGGGGGGGGGSYR,0,0,0,1
AGQADGAEVGADPR,0,0,0,1
