Unannoated(566),Spiklet_1,Spiklet_2,Spiklet_3,Spiklet_4,T01,T02,T04,T04_110711,T05
SAVEALLSGDPAK,0,0,1,0,0,0,0,0,0
NDYATGPLLSR,0,1,0,1,0,0,0,0,0
ATGGGAPPPAAAASPR,0,0,0,0,0,0,1,0,0
PGAPAPGPPR,0,0,0,0,0,1,0,0,0
GYGGGGGGGGYGGGGGGGR,1,0,0,0,0,0,0,1,0
AGEEEAAAAALSEER,0,0,0,0,0,0,0,0,1
LCFSVSSSSFR,0,0,0,0,0,0,1,0,0
GASGGGGGGGGR,0,1,0,0,0,0,0,0,0
AQAGGAGPAR,0,1,0,0,0,0,0,0,0
AAAAAAASGSR,0,1,1,0,0,0,1,0,0
LAGGGGGGGGGR,0,0,0,0,0,1,0,0,0
SEGIGGGGGGTR,0,0,0,0,0,1,0,0,0
QLTIQAGELHLYPVPVR,0,0,0,0,0,0,1,0,0
MPLISSTAGAQR,0,0,1,0,0,0,0,0,0
WGSSGAAPAAGGAR,0,0,1,0,0,0,0,0,0
LGPALAGAAGR,0,0,0,1,0,0,0,0,0
ALLQAAGPQQR,1,0,0,0,0,0,0,0,0
QSAPATGGVK,0,1,1,1,0,1,1,0,1
DGMGGGGGGGGGSYR,0,0,0,1,0,1,0,1,0
ISTIFLGLTR,0,0,0,0,0,1,0,0,0
LAVATAGPR,0,0,0,1,0,0,0,0,0
APTSVLSSVTK,1,0,0,0,0,0,0,0,0
LVIISSVLK,0,0,1,0,0,0,0,0,0
VIMLGLVPSIVR,0,0,0,0,1,0,0,0,0
ALSGGGGAPAR,0,0,0,0,0,1,0,0,0
AAGAGGAAAR,0,0,0,0,0,0,1,0,0
AAAAPAPAAGAGAGAAAAAR,0,0,0,0,0,1,0,0,0
GEVPALQDGDLYLFESR,0,1,0,0,0,0,0,0,0
PQTLIIIWVGR,0,0,1,0,0,0,0,0,0
GGGGGGGGGGGANR,0,0,1,0,0,0,0,0,0
GAAAAAAAPAR,1,1,1,1,1,0,0,0,0
CHLPAVFPSLLR,0,0,0,0,0,1,0,0,0
DTGVTEESTMGGEK,0,0,1,0,1,1,1,1,0
CVLMSAGLSTELR,0,0,0,0,0,1,0,0,0
GGGGAGAAGGGGGGGGGGGCVV,0,0,0,0,0,1,0,0,0
GGGGGGGGGAFLR,0,1,0,0,0,0,0,0,0
GHPEAGGGGAAAAR,0,0,0,0,0,1,0,0,0
DIFPLSSINM,0,0,1,0,0,0,0,0,0
GDGGDGDGGGGGGR,0,0,0,0,0,0,0,1,0
AGAAGGPPGHGGR,0,0,0,1,0,0,0,0,0
LLLLVAASQLSR,0,0,0,0,1,0,0,0,0
VEPAEAGLVLR,0,0,0,0,0,0,0,0,1
SLGNGGGGGGER,0,0,1,0,0,0,0,0,0
IDLGGGGGGGGSTAR,0,0,0,0,0,1,0,0,0
GAGAGAAPPR,0,1,0,0,0,0,0,0,0
HGNIDPTAAGAVYDR,0,0,1,0,0,0,0,0,0
LDGGGGGGGAGR,0,0,1,0,0,0,0,0,0
GVDGLFDSFAR,0,0,1,1,0,0,0,0,1
MEPSAAISLR,0,0,0,1,0,0,0,0,0
HAAHAAAAAAPSR,0,0,0,0,1,0,0,0,0
VAAAGYGGGGGGGR,0,0,0,0,0,0,0,1,0
IGALNASSR,0,0,0,0,0,1,0,0,0
DMAAAAPAAGK,0,0,0,0,0,1,0,0,0
ATAAASPDDEK,0,0,0,0,0,1,0,0,0
LGVVPHGLSTDSEVAQR,0,0,0,0,1,0,0,0,0
LENNQLALR,0,0,0,1,0,0,0,0,0
SDGGGAGAGAGGGGDR,0,0,0,1,0,0,0,0,0
VIFMLLQTIPLK,0,0,0,1,0,0,0,0,0
TFFQQVHPYVATGNK,1,1,1,1,0,0,0,0,0
LSSIATISGGAPGR,0,0,0,0,1,0,0,0,0
GSFFAASSAEGPR,0,0,0,0,1,0,0,0,0
AVLVENDGGQPK,1,0,0,0,0,0,0,0,0
AAAAAAAAAAALSGNER,0,0,0,0,0,0,1,0,0
GGAADAQPR,0,0,0,0,0,1,0,0,0
ISASAAAAAAAR,0,0,0,0,0,1,0,0,0
AGISSSALPYK,0,0,0,0,0,0,0,1,0
SAEAAAAAAR,0,0,0,0,1,1,0,0,0
LAEDFCGVEVR,0,0,0,0,0,0,0,1,0
TSSPTSSPGASPR,0,0,0,0,1,0,0,0,0
PTGDEGGGGGGGGQR,0,0,1,0,0,0,0,0,0
PAILAPLPAR,1,0,0,0,0,0,0,0,0
SVAPPLLVMVHASLR,1,0,0,0,1,0,0,0,0
YAIVLVSHMPNMLR,1,0,0,0,0,0,0,0,0
LQFSAGAAGAGAVAVLK,0,0,1,0,0,0,0,0,0
ILLADDELTQITNR,0,0,0,0,0,0,0,0,1
AWTAAAAAAAAPR,1,1,1,1,0,1,0,0,0
GHFGGSGSGSGSGTR,0,0,0,1,0,0,0,0,0
SVLSLLPPLAPR,0,0,0,0,1,0,0,0,0
SIAQISTPDATSLLNQPYDK,0,0,0,0,0,1,0,0,0
PLSLSDLSPAPMHGSQLR,0,0,1,1,0,0,0,1,0
GGGGGGGGGGGGGYR,0,0,0,0,0,0,0,1,0
GSSALASAR,0,0,0,0,0,1,0,0,0
GGGGGGGGGNCGGTR,0,0,0,0,0,1,0,0,0
SAAPAAAPR,1,0,0,0,0,0,0,0,0
QLTTVINSR,0,1,0,0,1,1,1,0,0
GEAGAGGGDGR,0,1,0,1,0,0,0,0,0
PSLPFATASPR,1,1,0,0,0,0,0,0,0
FIMLHVAHTQK,1,0,0,0,0,0,0,0,0
GTAAAAAAAEGAR,0,0,0,0,0,1,0,0,0
GGGGGGGLGVGR,0,1,0,0,0,0,0,0,0
AAAGAAGPPLR,0,0,0,0,0,0,0,1,0
GAVVDGLPALTR,0,0,0,0,0,1,0,0,0
IAASLGVIAILER,0,0,0,1,0,0,0,0,0
QTAPATGGVK,1,1,1,1,1,1,1,1,1
GDAEAAAAAPGGLR,0,1,0,0,0,0,0,0,0
ALESSAAAAAAAGR,0,1,0,0,0,0,0,0,0
GGLPGGAGTGGAGATATISR,0,0,0,0,0,1,0,0,0
VPVLEDGDLTLFGK,0,0,0,0,0,0,0,0,1
EGGAVAGAAAAGAR,0,1,0,0,0,0,0,0,0
GWVELALSIAR,0,0,0,0,0,0,1,0,0
IASMAAAAGGGR,0,0,0,0,0,1,0,0,0
GGAGGAGADGGGVR,1,0,0,0,0,0,0,0,0
GATEVDGGGGEISEK,0,0,1,0,0,0,0,0,0
ADGGGGGGGGADGGVVR,0,0,0,0,0,0,0,0,1
LSSEWMLLLR,0,0,0,1,0,0,0,0,0
WGGCGAAGGGGGNR,0,0,1,0,0,0,0,0,0
AAAAPAEATR,0,0,0,0,1,1,0,0,0
GAAAQPGVLR,0,1,0,0,0,0,0,0,0
GSAASASLR,0,0,1,0,0,0,0,0,0
DLLAIPLSTVPSEFAFSAGGR,0,0,0,0,0,1,0,1,0
CGGGGGGGGGGAGGGGGLGGGR,0,0,0,0,0,1,0,0,0
HTSAALVGPK,0,0,0,1,0,0,0,0,0
LSAAAAAADR,0,0,0,0,0,0,1,0,0
GAAAAVLLR,0,1,0,0,0,0,0,0,0
LLLSILGPVCLS,0,0,0,0,0,1,0,0,0
GGGGGGGGGGGVK,0,0,0,1,0,0,0,0,0
AAAPGGGDGGR,0,0,0,0,0,1,0,0,0
APCSPAAAAAAAAIDR,0,0,0,0,0,1,0,0,0
LSAAAAAADDGAK,0,0,0,0,0,0,1,0,0
GAGGGGGAGGDGGGGR,0,1,0,0,0,0,0,0,0
LESAAGQEDYMVR,0,0,0,0,0,0,1,0,0
HVADAGADGAAAAGAAAAAR,0,0,0,0,0,0,1,0,0
PAAGGGGGPR,0,0,0,0,0,1,0,0,0
TTSATAAAAASR,0,0,0,0,1,0,0,0,0
LPVILLGMK,1,0,0,0,0,0,0,0,0
TPSWGLGIATR,0,0,0,0,0,1,0,0,0
AAAAAAAAAAEAAATR,0,0,0,0,0,1,0,0,0
QGGGGGGGGGGGGVVAR,0,0,0,0,0,1,0,0,0
VSTIPSAHSEAR,0,1,0,0,0,0,0,0,0
TPTGIDSAVGSK,0,0,0,0,1,0,0,0,0
NDNMATIVNTTEEEPMLAVVR,0,0,0,0,0,1,0,1,0
VHGGGGGGLLR,0,0,0,0,0,1,0,0,0
LPGPDAGAR,0,1,0,0,0,0,0,0,0
FELHLICELR,0,0,0,0,0,0,1,0,0
AAAAALPWTR,0,0,0,0,0,1,0,0,0
WLIELSLAR,1,0,0,0,0,0,0,0,0
PLAYVTGSGPR,0,0,0,0,0,1,0,0,0
QGLGASSLQECR,0,0,0,0,1,0,0,0,0
DCSLFNGTVGAENIAAELK,0,0,0,0,0,0,0,1,0
ASAAAAAEAAAAGAGGGAR,1,0,0,1,0,0,0,0,0
GFQESGVAVEHILPDSPFASTTNK,0,0,0,0,0,1,0,1,1
VGTGAPVYLAAVLEYLAAEVSR,0,0,0,0,0,1,0,0,0
GGAVQVLAQ,0,0,0,0,0,1,0,0,0
VCIGGGGGGGGGGGVK,1,0,0,0,0,0,0,0,0
GGGGYGNSDGNWR,1,1,0,0,0,0,0,0,0
ATSSCGGGGGGGQR,0,0,1,0,0,0,0,0,0
PAAAAAALLR,0,0,0,1,0,0,0,0,0
CCAGLGAAGGAVR,1,0,0,0,0,0,0,0,0
GWVAGVGGGWWDR,0,0,0,0,1,0,0,0,0
PGGGGGGGGGGAGR,0,0,0,0,0,0,0,1,0
PGAGAAVGAVLR,0,0,0,0,1,0,0,0,0
GAGGGFGAVR,0,0,0,1,0,0,0,0,0
EFDNETPYTIMFGLDK,0,0,0,0,1,0,0,1,0
ASLIIEPIAGSNSLSR,1,0,0,0,0,0,0,0,0
CDAGGGGGGGGQ,0,0,0,0,0,1,0,0,0
AAAAAAAPAPTGW,0,0,0,0,0,0,1,0,0
GSLHGYALAGPK,0,0,0,1,0,0,0,0,0
GEGGGGGGGGGAPVGR,0,1,0,0,0,0,0,0,0
LPMAGGGGAGAGSSSGGGGGGGR,0,0,0,0,0,1,0,0,0
SLAGGALSR,0,0,0,0,0,1,0,0,0
HTGSVAEYR,0,0,0,1,0,0,0,0,0
IINEPTVAAIAYGLDK,0,0,0,0,0,1,0,0,0
SLTLPLSPK,0,0,0,0,0,1,0,0,0
LLGDAGAGGGGGR,0,0,0,1,0,0,0,0,0
QVTSQTNNYHR,1,1,1,1,1,1,0,1,0
QQPAGGPPR,0,0,0,0,0,1,0,0,0
AVDAASGGGPVGGAGLEPPR,0,0,0,0,0,1,0,0,0
GAPGGGGEGPR,0,0,0,0,0,0,0,0,1
FEADGAAAGR,0,0,0,1,0,0,0,0,0
VTMAALEAAR,0,0,0,0,1,0,0,0,0
VAASTAADGEAVGDR,0,0,0,0,0,0,1,0,0
ALPPAAAAASLR,0,1,0,0,0,0,0,0,0
GGGAAAAAAAAGR,0,1,0,0,0,0,0,0,0
LWAAAASSR,0,0,0,1,0,0,0,0,0
SWSAAAAAAPR,0,1,0,0,0,0,0,0,0
HGGGGGGGGGELSR,0,1,0,0,0,0,0,0,0
GAWAAAAAPR,0,0,0,0,1,0,0,0,0
AGDAPAAGWPLSPR,0,0,0,0,1,0,1,0,0
AGEGGGDGGGPK,0,1,0,0,0,0,0,0,0
IDGGGGGGGAK,0,1,0,0,0,0,0,0,0
LHNSLGGGGGGVLR,1,0,0,0,0,0,0,0,0
GVNAAAAAAASAIE,0,0,0,0,0,1,0,0,0
GGGGGGGGGGDSR,0,0,0,1,0,1,1,1,0
GLYGDLIGCTLVAPTR,0,0,0,0,0,1,0,0,0
AEAAVAAAAQR,0,0,0,0,0,1,0,0,0
SAAGAAGAAAGSGR,0,0,0,0,0,1,0,0,0
QDSFLLSVPSR,0,1,0,0,0,0,0,0,0
VFLTIELPDAK,0,0,0,0,1,1,0,1,0
AAAAAAAGGGR,0,0,0,1,0,0,0,0,0
LLLLLLLQLR,0,0,0,0,0,0,0,0,1
PLWAAAAAAAPR,0,0,1,0,0,0,0,0,0
VGMLFGGGGGAR,0,0,0,0,0,0,0,0,1
GLGNGGGGGGGGDGGGGK,0,0,0,0,0,1,0,0,0
VSFFLGGGGGGK,0,0,0,0,0,0,0,1,0
SGSSLLLLTR,0,0,0,1,0,0,0,0,0
GAGGGGHAGGGVR,0,0,0,0,0,1,0,0,0
LHWLGGGFHR,0,0,0,0,0,0,1,0,0
EDLAAAETTR,0,0,0,0,0,0,0,0,1
SSPQPSPAPPDPSCR,1,1,0,0,0,0,0,0,0
QEAPAAAAAAPR,0,0,0,0,0,0,1,0,0
LLQEVEAWSCLIR,0,0,0,0,0,0,0,0,1
GAAAATASLR,0,0,0,1,0,0,0,0,0
LQMLMLINR,0,0,0,0,0,1,0,0,0
GGGGGGGGGGEAR,0,0,0,0,0,0,0,1,0
ILIGSNMEEYNK,0,0,1,0,0,0,0,0,1
FLGGGGGGGGGIK,0,0,0,0,0,0,0,0,1
AETTGHLIYK,1,1,0,1,1,0,0,0,0
AANAVEAAGEAAQVAQVR,0,0,0,0,0,0,1,0,0
DDGGGGGGGCSGVR,0,1,0,0,0,0,0,0,0
EGSGGGGGGGGGASR,1,1,1,0,0,1,0,0,0
GVLPAPGGGGPLR,1,0,0,0,0,0,0,0,0
SAVVVAAAAAAGR,0,1,0,0,0,0,0,0,0
MPGGSAAAGWR,0,1,0,0,0,0,0,0,0
IISQIILDIK,0,0,0,0,1,0,0,0,0
SYVLLLLSFSK,0,0,0,0,1,0,0,0,0
GGAAAAAAAAR,0,0,0,0,0,1,0,0,0
PEVAGGGTLR,0,0,0,0,0,0,0,0,1
GFLTINSEPAVNGEK,0,0,0,0,1,0,0,1,0
LLSAAAAAAPR,0,1,0,0,0,0,1,0,0
AASAPAASGTPAPPAPR,0,1,1,1,0,0,0,0,0
GGGSGGGGGGGAGR,0,1,0,0,0,0,0,0,0
AAAGGAAAAK,0,1,0,0,0,0,0,0,0
YNDFAHPLLTNSDFEAK,0,0,0,0,0,0,0,1,0
SGLGGSSAIR,0,0,0,0,0,1,0,0,0
HGSGGPPAAAGSR,0,0,0,0,1,0,0,0,0
PAAISSSADAAPQVR,0,0,0,0,0,0,1,0,0
EDTEEQVPTNGASFK,1,1,1,1,0,0,0,0,0
FLASASLTSR,1,0,0,0,0,0,0,0,0
IAAPAAAAAAAER,0,0,0,0,0,0,0,0,1
LGLQLHLAFPSQR,0,0,0,0,1,0,0,0,0
SSAAAAAPAK,0,1,0,0,0,0,0,0,0
VPVVGAAQGAGAAR,0,0,0,0,0,0,0,0,1
HGGGGGGPGAR,0,0,0,0,1,0,0,0,0
SLGGGGGGGGK,0,0,1,0,0,0,0,0,0
LLLVLASMLR,0,0,0,0,0,1,0,0,0
LLLCILILLIK,0,0,0,0,0,0,1,0,0
QVLEEVSILPSK,0,1,1,1,1,1,0,1,1
TADGEAAGAAAAAAAGK,0,1,0,0,0,0,0,0,0
AGGIALGGGEEGGVGVVLR,0,0,0,0,0,1,0,0,0
AATAAAAAPPVR,0,0,0,0,0,0,1,0,0
LPTNAAEVPIR,0,0,0,0,1,0,0,0,0
PASPAAAAR,0,0,0,1,0,0,0,0,0
GESLQLESGK,0,0,0,0,1,0,1,0,0
AAAFITAIR,0,1,0,0,0,0,0,0,0
DHLIAIVLR,0,0,1,0,0,0,0,0,0
VLLALPPSR,0,0,0,0,0,0,1,0,0
ESVGAGPAPAAPR,0,1,0,0,0,0,0,0,0
SLFLAAAAAPAR,0,1,0,0,0,0,0,0,0
GAGDLGAGGQR,0,0,0,1,0,0,0,0,0
LLPGAGGGLR,0,0,0,0,0,0,0,0,1
SPSASASPASASR,0,0,0,0,1,0,0,0,0
EVLSLLMQR,1,1,1,1,1,1,0,0,1
GAVVGPGGLLR,0,0,0,0,0,1,0,0,0
CPAPAAAAAAAAHR,0,0,0,0,0,0,0,1,0
AAVAAAAAAAGAGAAEGEGAVDSK,0,1,0,1,0,0,0,0,0
LIWEATLWSK,0,0,0,0,1,1,0,0,0
LLLPAAGSAGAAASGGAAAAVR,0,0,0,0,1,0,0,0,0
VNLDDVVLGQIK,0,0,0,0,0,0,0,0,1
QGAAAQVIR,0,0,0,0,1,0,0,0,0
NNLGASVVCSLSK,0,0,0,0,0,0,1,0,0
GEPAGPGGGGAAHR,0,0,0,1,0,0,0,0,0
GAVLGGVQGAGAVR,0,0,0,0,0,0,1,0,0
AASVYAAAVVAWVAAAR,0,0,0,1,0,0,0,0,0
GAGGPAAPAR,0,1,1,0,0,0,0,0,0
GGGGAGGGGVGAPR,0,0,0,0,0,1,0,0,0
HAAVAAQAGR,0,0,0,0,0,0,1,0,0
ETFDTSDLNASLPAAAAGK,0,0,0,0,0,1,0,0,0
CWTPAAAAAAAAR,0,0,0,0,0,1,0,0,0
AGGGAGLLR,1,0,0,0,0,0,0,0,0
GAAAGAGAGAR,0,1,0,0,0,0,0,0,0
NEISASPEER,0,0,0,0,0,0,0,0,1
LAAAAAAAPR,0,0,1,0,0,0,0,0,0
QIVLAAIAIR,0,0,0,0,0,0,1,0,0
FPGEAGGGGGGAGGGGGGGGGR,0,0,0,1,0,0,0,0,0
MATTSVLLIK,0,0,0,0,0,1,0,0,0
IVALLVLSR,0,0,0,0,0,0,0,0,1
SSSFPVALTSR,0,0,0,0,0,1,0,0,0
SSILLFLYR,0,0,0,0,0,1,0,0,0
VVFQLPSLGLR,0,0,0,1,0,0,0,0,0
AFDNIIQGK,0,0,1,0,0,0,0,0,0
HLPSSSSLR,0,0,0,1,0,0,0,0,0
PEVGGAGSGGGYGGGGR,0,0,0,0,0,1,0,0,0
VALWVIEIAR,0,0,0,0,0,0,0,0,1
GAAQIASTIR,0,0,1,0,0,0,0,0,0
HPHPAAAGASAGGR,0,0,0,0,1,0,0,0,0
VGSSGAGGAPR,0,0,0,0,0,0,0,1,0
NPSTATPAAAAATTVSR,0,0,0,1,0,0,0,0,0
TGAEVIASLR,0,0,0,0,0,1,0,0,0
EAAGDGGGGGGGGGGR,0,0,0,0,1,0,0,0,0
SGGPAGAAFR,0,0,1,0,0,0,0,0,0
IGDHLQSAESQR,1,1,1,1,0,0,1,1,1
GLADAVDAGR,0,0,0,0,1,0,0,0,0
TLDGVTLLR,0,0,0,0,1,0,0,0,0
AAAAAAAAAAALNR,0,0,0,0,0,1,0,0,0
TLATAVTGGGGGGGGGGGGR,0,0,0,0,0,1,0,0,0
LGFQVCHSLGGGTGSGMGTLLISK,0,1,0,0,0,0,0,0,0
AGAAAAAAAPR,1,0,1,1,0,0,0,0,0
EAFSSSSSR,0,1,0,0,0,0,0,0,0
VEPSSLLESIK,0,0,0,0,1,0,0,0,0
EAAAGAAAAGAAP,0,0,0,0,0,1,0,0,0
AGGAAWASPR,0,0,0,0,0,1,0,0,0
VIVVGAGMSGNNK,0,0,0,0,0,1,0,0,0
AGAGAPELR,0,1,0,0,0,0,0,0,0
TADDAEQAAQQHK,0,0,1,0,0,0,0,0,0
SGGGGGGGILR,0,0,0,0,0,0,1,0,0
SAPTTLIASIPHR,0,0,0,0,0,0,1,0,0
AMAGIDAGEGAAAAPPPEMSPQQR,0,0,0,0,0,1,0,0,0
HDSPQMIQQADNVGTR,0,0,0,0,0,0,1,1,1
ADSLLIWLAR,0,0,0,1,0,0,0,0,0
DEVEGGAGAAGGGAR,0,0,0,0,1,0,0,0,0
GGVAGVGGAGAR,0,0,0,0,0,1,0,0,0
LHLGNIGSSSIAPPK,0,0,0,0,0,1,0,0,0
SSAAAAAAK,0,0,0,1,0,0,0,0,0
LLPTAAAAAPPPR,0,0,0,0,0,1,0,0,0
ISHGVAAAAAAASMR,0,0,1,0,0,0,0,0,0
VSIGALSPSEDGLK,0,0,1,0,0,0,0,0,0
SAGGGGGGGGR,0,1,0,0,0,0,0,0,0
QEHQGHGGSGPGDAIACK,0,0,0,0,0,1,0,0,0
PAAAAAAAAAAPSR,0,0,0,1,0,0,0,0,0
VAAAVGTGSR,0,0,0,0,0,1,0,0,0
SSIGGIVAVAAAR,0,0,0,0,1,0,0,0,0
LVGSALPPIPFQK,0,0,0,0,0,0,0,0,1
AGGGGGGPR,0,0,0,0,1,1,0,0,1
GGMLLGGEDMHR,0,0,0,0,0,0,0,1,0
GAGGGGALPR,0,0,0,1,0,0,0,0,0
VGAAAAAAAGEEAVDR,0,0,0,0,1,1,0,1,0
AAVAAAAAGR,0,0,0,0,0,1,0,0,0
GGLGIGGVAAR,0,0,0,0,1,0,1,0,0
LLPAAAAAAHGPGR,0,0,0,0,0,1,0,0,0
SAAASSSLPR,0,0,0,0,1,0,0,0,0
GGGGYGGGGGNR,0,0,0,0,0,1,0,1,1
VSCDYLFLGDYVDR,0,0,0,0,1,0,0,0,0
GGPAAAAAPAR,1,1,0,0,0,0,0,0,0
AAMAGASGGTPAAGGGGPR,0,0,0,0,1,0,0,0,0
GGGGNAAAAAALLR,0,1,0,0,0,0,0,0,0
MAENESNPEGIPPSQGGK,1,1,0,1,0,0,0,0,1
DIDDLLTYGSR,0,0,0,0,0,0,0,0,1
AGGGGGAGDPAVR,0,0,0,1,0,0,0,0,0
NYDDLNEYFWR,0,0,1,0,1,0,0,1,1
EGGGGGGGGGVIR,0,1,0,0,0,0,0,0,0
LIVASLGSSLLR,0,0,0,0,1,0,0,0,0
VAADVGVAGAAAGAR,0,0,0,0,1,0,0,0,0
LLGGGAAALVR,0,0,1,0,0,0,0,0,0
VVLITWELSR,1,1,0,0,0,1,0,0,0
QDEETSQQIEK,1,1,1,1,0,0,0,1,0
DTAMDSTGTGAGGK,0,0,0,0,0,1,0,0,0
CAQVDVGLSDGSYAR,0,0,0,0,0,1,0,0,0
QLPLQDELLDDDELR,0,0,0,0,0,0,0,0,1
LLAAAAAAAQGTVR,0,1,0,0,0,0,0,0,0
LVGHPAAAAAAGGGGGVR,0,0,0,0,0,0,0,0,1
SQQAAAAAAR,0,0,0,0,0,0,1,0,0
VGEVVGGDHQAGR,1,0,0,0,0,0,0,0,0
AAPAAGGGGAGR,0,0,0,0,1,0,0,0,0
VLITATSLAAR,0,0,0,0,0,1,0,0,0
WVWLLLACSEQEDLR,1,0,0,0,0,1,0,0,0
LQQVIPLSQR,1,0,0,0,0,0,0,0,0
WAAAAAAAAAAGTGSSR,1,0,0,1,0,0,1,0,1
LAAAASAAALK,0,0,0,0,1,0,0,0,0
AAAGGAAAAGGAGQGR,0,0,0,0,0,1,0,0,0
GPLAPAAAAAGGGAGVGGR,0,1,0,0,0,0,0,0,0
PAAGGAGAPAR,0,0,1,0,0,0,0,0,0
AADAAGAAASR,0,0,0,0,1,1,0,0,0
TYPVGFMDVISIPK,0,0,0,0,0,1,0,0,0
PAGAGAGAAR,0,0,0,0,0,1,0,0,0
AASHAVHAPAGPGAR,0,1,1,1,0,0,0,0,0
PSPSSPAAPWK,0,0,0,0,0,1,0,0,0
WTSGAGAAGAR,0,0,0,1,0,0,0,0,0
FTSMHTSLHR,0,0,0,0,1,0,0,0,0
GGGAGGGSLK,0,0,0,0,0,1,0,0,0
VHDEWFADEEHVR,0,0,0,0,0,0,1,0,0
YPSSGLIVDSK,0,1,0,0,0,0,0,0,0
STHGGADSHVSYTQDR,0,0,0,0,1,0,0,1,0
GPAAGAAAAEPAR,1,0,0,0,0,0,0,0,0
QGAAAAAAPADGR,0,0,0,0,1,1,0,0,0
GGGGALLPR,0,0,0,0,0,0,0,0,1
TLAAAAAAAPR,0,0,1,1,0,0,1,0,0
SISTLSLSQR,1,0,0,0,0,0,0,0,0
PAAAGGGGGDGGR,0,1,0,0,0,0,0,0,0
GAAAAAAAAGACGSGR,1,0,0,0,0,0,0,0,0
GGGGGGASAAAAASSAAAGDSGDAVMAR,0,0,0,0,1,1,0,1,0
GGPISIPLPK,0,0,0,0,0,0,1,0,0
SSFGAAAAAPAR,0,1,0,0,0,0,0,0,0
NSILDIILSWK,0,0,0,0,0,0,0,0,1
YNQLETEEETQEESDIK,0,0,0,0,0,1,0,0,0
PDTGYNGGGGGGGWR,0,0,0,0,0,0,0,1,1
AGAAPGAAGPR,0,0,0,0,0,0,0,0,1
FGGGGGGGGC,0,0,0,0,0,1,0,0,0
AAGAAAAAGAR,0,0,0,0,0,1,0,0,0
APAAAAAAVLAPAPR,0,0,0,0,0,0,0,0,1
TLLAQHLEAR,0,0,0,0,1,0,0,0,0
SPSGAGAGVR,0,0,0,0,0,1,0,0,0
ATPPLTLPPPPR,0,0,1,0,0,0,0,0,0
SNGDGAGGGAAAAAPR,1,0,0,0,0,0,0,0,0
LNSLDEVDPELLNTFDR,0,0,0,0,0,0,0,1,0
HAGAGLAHALR,0,0,1,0,0,0,0,0,0
APEGGGGGGGGGGGR,0,0,1,0,0,0,0,0,0
AAAAAAAVGGAGER,0,0,1,0,1,0,1,1,0
EESGGGTGER,0,0,0,0,1,0,0,0,0
AHVPAGAGAGAVLR,0,0,0,0,0,1,0,0,0
LLIGTVQILQLSK,0,0,1,0,0,0,0,0,0
VCMLGDAQHVEER,0,0,0,0,0,0,0,0,1
GAAAAAAAGSSGAPAR,0,0,0,0,0,1,0,0,0
WLAAAAATVAR,0,0,0,0,0,1,0,1,0
PFGPANLAAAAALR,1,0,0,0,0,0,0,0,0
IQGAAAAAAATR,0,0,0,0,0,1,0,0,0
IWGGGGGGGGTIR,0,0,0,0,1,0,0,0,0
PLLHQGGGGGGSAAR,0,0,0,0,0,1,0,0,0
DLAGAVGAAPR,0,0,0,0,0,1,0,0,0
IVLHLLDVK,0,1,0,0,0,0,0,0,0
GDFSFDALFGGLVDELLPEYR,0,0,0,0,0,0,0,1,0
LFELEEFTR,0,1,1,0,1,0,0,0,1
YVQIDASLDSLLK,0,0,0,0,0,1,0,0,0
DVLDNGALIPACVF,1,0,0,0,0,0,0,0,0
PPVGAGAGAGAAR,0,0,1,0,0,0,0,0,1
LQIWDTAGQQER,0,0,1,0,0,0,0,0,0
LPDQVPVLPLK,0,0,0,0,0,1,0,0,0
ETASQTIDLIK,0,0,0,0,1,1,0,0,0
LLLDGSLFCSLLR,0,0,0,0,0,1,0,0,0
TCPAAAAAAPR,0,1,0,0,0,0,0,0,0
TATMAGHQVSVTTSR,0,0,1,0,0,0,0,0,0
EAIGAPAAALAR,0,0,0,1,0,0,0,0,0
EEGGGGGGGGK,0,0,1,0,0,0,0,0,0
ADAGGGGGGGGGGGGGVQV,0,0,0,0,0,1,0,0,1
GHAGLGGLR,0,0,0,0,0,1,0,0,0
AQTLGASQR,0,0,0,0,0,0,1,0,0
EDEGGGGGGGGGGGR,0,0,0,0,1,0,0,0,0
NGLAAAAAAAAAQVK,0,0,0,0,1,0,0,0,0
GGGGYGGYGGGNR,0,0,0,0,1,1,0,1,1
FGGGGGGGTGTK,0,0,1,0,0,0,0,0,0
GEAAVLAGAR,1,0,0,0,0,0,0,0,0
AAAAAAVER,0,1,0,0,0,0,0,0,0
GAEASGGEQGR,0,0,0,0,1,1,0,0,0
AAAASALAR,0,0,1,1,0,0,0,0,0
HCSNISLSSISLK,0,0,0,0,1,0,0,0,0
EPVSGAGAVG,0,0,0,0,0,1,0,0,0
GAALAAAAAAAR,0,0,0,0,0,1,0,0,0
QALNVLIILK,0,0,0,0,0,0,0,0,1
PGAAAAAAAR,0,0,1,0,0,0,0,0,0
IGAGAGGGLR,0,0,0,0,0,0,0,0,1
ASDEGGTEAAQHIR,0,0,0,1,0,0,0,0,0
HVSILLVLR,0,0,0,0,0,1,0,0,0
GAGAGGGAGAALR,0,0,0,1,0,0,0,0,0
AAAAAAAAAAGGAR,0,0,0,0,1,1,0,1,1
GAVVGPGGAGAPLPR,0,0,0,1,0,0,0,0,0
SAAPWAAAGAGGAAAR,0,0,0,0,0,1,0,0,0
LLAAAGAAAAGAR,0,0,0,0,1,0,0,0,0
LVGVSEETTGNK,0,0,1,0,1,0,0,0,0
GEGGGGVGAAGEGVR,0,0,1,0,0,0,0,0,0
VAAPAASQGR,0,0,0,0,0,1,0,0,0
QSSNLTISILR,0,0,0,0,1,0,0,0,0
EEGAGGPAGAGGAGPER,0,1,0,0,0,0,0,0,0
GGGGGGGGGGSYGGSWGGGR,0,0,0,0,1,0,0,0,0
QSAGLAGAR,0,0,0,0,1,0,0,0,0
GIGAHLWSLSGR,1,0,0,0,0,0,0,0,0
QAAAAAAAAQGAR,0,0,0,0,0,1,0,1,0
AAAAAAATSPK,0,0,0,0,0,0,0,1,0
GGGGGGGGGAAGTAR,0,0,1,0,0,0,0,0,0
SLYLVIVVSMFR,0,0,0,0,0,0,0,0,1
ILGLGDLGSQV,0,0,0,0,0,0,0,1,0
LVQSAAPALR,0,1,0,0,0,0,0,0,0
QFPGVDPNDPSVK,0,0,1,0,0,0,0,0,0
IFISSILEGGK,0,0,0,1,0,0,0,0,0
GCGGSHGGGGGGAASAR,0,0,0,0,0,1,0,0,0
GGCGGVLVVLLASPR,0,0,0,0,0,1,0,0,0
GSIFEEPMSWR,0,0,0,0,0,0,1,0,0
EGGGGGAGALPADVVVDNSR,0,0,0,0,0,1,0,0,0
LTAAAAAADDGAK,0,0,0,0,0,0,1,0,0
ILGLMSTLLR,0,0,0,0,0,0,0,1,0
TSASTASIR,0,0,0,0,0,0,0,0,1
GAAGGGGGAGIR,0,0,0,1,0,0,0,0,0
LLASTTPSTASR,0,0,0,0,1,0,0,0,0
PALPPSLEK,0,0,1,0,0,0,0,0,0
SPGAGGGGGGGGGGEER,0,0,1,0,0,0,0,0,0
VCVFGVGGGGGGGGGGGGGGGGTHSQT,0,0,0,0,0,0,0,1,0
GSGLSLAGGR,0,0,0,0,0,1,0,0,0
GPGGTGTAESGGAGPR,1,0,0,0,0,0,0,0,0
VEASDLGNNFLLDEGCLGQPR,0,0,0,0,0,0,0,0,1
HGALGTTHR,0,0,0,0,0,1,0,0,0
HPPAAALPCSR,0,0,0,1,0,0,0,0,0
LLVTSGTAR,0,0,0,0,0,0,0,0,1
GALGGGVPHR,0,1,0,0,0,0,0,0,0
QPPAGGGGGGAAGEGGPR,0,0,0,0,0,0,0,1,0
AAAAGGAAAVAR,0,0,0,0,0,1,0,0,0
SPQGAAGLLER,0,0,0,1,0,0,0,0,0
YLMEFNSTPGDLMELSPLFSDDSR,0,1,1,0,0,0,0,1,0
GGGGGGGGGLHR,0,0,1,0,0,0,0,0,0
GEAVGAGQGAAR,0,0,1,0,0,1,0,0,0
ASFAAAAAAADADVK,0,0,0,0,0,0,0,1,0
PASAAAAAASEVR,0,0,0,0,0,1,0,0,0
GATVASDPAESHVASR,1,1,0,1,0,0,0,0,0
SLTVGCANLGR,0,0,0,0,0,0,1,0,0
QGEETIQQIEK,1,1,1,1,0,0,0,0,0
AQLIAEAEEFK,0,0,0,0,1,1,0,1,0
FGGGGGGGGGR,0,0,0,0,1,0,0,1,0
AEAAVADER,0,0,0,0,0,1,0,0,0
GGGPAAAAAAATPR,0,0,0,0,1,0,0,0,0
WSNQDLGTSVSQAIGILSR,0,0,0,0,0,1,0,0,0
AVAAAAAAEPVR,0,0,0,0,0,1,0,0,0
PGGLAPLAVGAR,0,0,0,0,0,1,0,0,0
SLGGGGGGGGGGGSCWCHK,0,0,1,0,0,0,0,0,0
PNAVDGTIPEVSPR,0,0,0,0,0,0,0,1,0
FVGGGGGGGGGGAR,0,0,0,0,0,0,0,1,0
GVPGGGAGAAPR,0,0,1,0,0,0,0,0,0
APAAGGAGGAVR,0,0,0,0,1,1,0,0,0
GGGGGGGGDGGGGVGGGGR,0,0,0,0,1,0,0,1,0
TGGGGGGAGR,0,0,1,0,0,0,0,0,0
VTAGAGAGAGAR,0,1,0,0,0,0,0,0,0
VGGAPGHGGGAR,0,1,0,0,0,0,0,0,0
EDALVLATR,0,0,0,0,0,1,0,0,0
GGAGGGAGMGGGQ,0,0,0,0,1,0,0,0,0
GPAAAGGAAAR,0,0,0,0,1,0,0,0,0
SPAAAAAPSR,0,0,0,0,0,0,1,0,0
FAAAAASLEPSPSASANGAAAR,0,0,0,0,0,1,0,0,0
GAPEGGGGGVR,1,0,1,0,0,0,0,0,0
VFVTSTSSCLGLNIK,1,0,0,0,0,0,0,0,0
LQVVEGSTVLTALH,0,0,0,0,1,0,0,0,0
GGGGGGGGGGGGGGGFGGWK,0,0,0,0,1,0,0,0,0
AGGGGGGGGER,0,1,1,1,0,0,0,0,0
APAAGSLPR,0,0,0,1,0,0,0,0,0
EAGAAAPGAESR,0,0,0,0,1,0,0,0,0
PIVHPGGGGGGGGGGWR,0,0,0,0,0,0,0,1,0
EISGAGGGGAPR,0,0,0,1,0,0,0,0,0
AGQADGAEVGADPR,0,0,0,1,0,0,0,0,0
SVQGLLLTLK,0,0,0,0,1,0,0,0,0
VGPVLAAALR,0,0,0,1,0,0,0,0,0
VGGELGPVLR,0,1,0,0,0,0,0,0,0
AQAGGGALPPAAPR,0,0,0,0,0,0,1,0,0
QGGGGGGGGGGGGAGQR,0,0,0,0,0,0,0,1,0
VTAPLFEPGELK,0,0,1,0,0,0,0,0,0
SGGGGANAGEGEGVR,0,0,0,0,1,0,0,0,0
FSGFVTFSTEEAMR,0,0,0,0,1,0,0,0,0
VLISASSLPNILAMPK,0,1,0,0,0,0,0,0,0
SIQNGLLSWR,0,0,0,0,1,1,0,0,0
TPWPETTTELPSELLDDK,0,0,0,0,0,0,0,0,1
PPPAAAAVSDK,0,1,0,0,0,0,0,0,0
DATGSSEAATR,0,0,0,0,0,1,0,0,0
ILELLLDTR,0,0,0,1,0,0,0,0,0
AAPAPAPAPAR,0,0,0,0,0,0,0,0,1
SGQCGVAGAAASQVGER,0,0,1,0,0,0,0,0,0
AATTAGAAAAPAPR,0,1,0,0,0,0,0,0,0
GALDADPAGAAAGGGPGPR,0,0,0,0,1,0,0,0,0
ESCGGGGGGGGGGGGGGGGGV,0,0,0,1,0,0,0,0,0
AGVAGLHSMK,0,1,0,0,0,0,0,0,0
GASAAPSPR,0,0,0,0,1,0,0,0,0
AAGGGGGGGATR,0,0,0,0,0,1,0,0,0
AAAAIIIIR,0,1,0,0,0,0,0,0,0
GEIESSSSPR,0,0,0,1,0,0,0,0,0
PPAAVAPLSR,0,0,0,0,0,0,1,0,0
VLTLAGGAGGGGDGR,0,0,0,0,1,0,0,0,0
VIASTTSSPATSAR,0,0,0,0,0,0,1,0,0
EGVVVVALLR,0,0,0,0,0,0,0,0,1
PISSIYLCSSR,0,0,0,0,0,1,0,0,0
SSAHGDDQIGAR,0,0,0,0,1,0,0,0,0
FSLAVASIR,0,0,0,0,0,0,1,0,0
LSSSMGSQLLLK,1,0,0,0,0,0,0,0,0
PPAAGAGAADGAR,0,0,0,0,0,1,0,0,0
YVLTLVLDIR,0,0,0,0,0,0,0,0,1
SGGGGGGGGAR,0,0,0,0,0,0,0,1,0
PSPSAAGSASAPAR,1,0,0,0,0,0,0,0,0
GGGGYGGYGGGGGGYGGGNR,1,1,1,1,1,1,1,1,1
QMPVLLQSR,0,0,0,0,0,1,0,0,0
LIDQVVHYLEER,0,0,0,1,0,1,0,0,0
VLSASVLER,0,0,0,0,0,0,0,0,1
GAGQSALLK,0,0,0,1,0,0,0,0,0
AAAAAALGIGGEK,0,0,0,0,0,1,0,0,0
LLLAAAAAALLR,1,0,0,0,0,0,0,0,0
