Unannotated,T01,T02,T04,T04_110711,T05
VFLTIELPDAK,1,1,0,0,1
GGGGYGGYGGGGGGYGGGNR,1,1,1,1,1
AAAAAAAVGGAGER,1,0,1,0,1
QVLEEVSILPSK,1,1,0,1,1
AQLIAEAEEFK,1,1,0,0,1
DTGVTEESTMGGEK,1,1,1,0,1
GGGGGGASAAAAASSAAAGDSGDAVMAR,1,1,0,0,1
EVLSLLMQR,1,1,0,1,0
GAEASGGEQGR,1,1,0,0,0
ETASQTIDLIK,1,1,0,0,0
LIWEATLWSK,1,1,0,0,0
LFELEEFTR,1,0,0,1,0
AETTGHLIYK,1,0,0,0,0
FTSMHTSLHR,1,0,0,0,0
NYDDLNEYFWR,1,0,0,1,1
APAAGGAGGAVR,1,1,0,0,0
QTAPATGGVK,1,1,1,1,1
QVTSQTNNYHR,1,1,0,0,1
QLTTVINSR,1,1,1,0,0
GGGGYGGYGGGNR,1,1,0,1,1
GESLQLESGK,1,0,1,0,0
TLLAQHLEAR,1,0,0,0,0
VEPSSLLESIK,1,0,0,0,0
EFDNETPYTIMFGLDK,1,0,0,0,1
AAAAPAEATR,1,1,0,0,0
AAAAAAAAAAGGAR,1,1,0,1,1
GGAGGGAGMGGGQ,1,0,0,0,0
TPTGIDSAVGSK,1,0,0,0,0
QSSNLTISILR,1,0,0,0,0
LLASTTPSTASR,1,0,0,0,0
FGGGGGGGGGR,1,0,0,0,1
LGVVPHGLSTDSEVAQR,1,0,0,0,0
QGAAAQVIR,1,0,0,0,0
SVAPPLLVMVHASLR,1,0,0,0,0
SSIGGIVAVAAAR,1,0,0,0,0
AGDAPAAGWPLSPR,1,0,1,0,0
SAAASSSLPR,1,0,0,0,0
HGSGGPPAAAGSR,1,0,0,0,0
GGLGIGGVAAR,1,0,1,0,0
VLTLAGGAGGGGDGR,1,0,0,0,0
HGGGGGGPGAR,1,0,0,0,0
AADAAGAAASR,1,1,0,0,0
GFLTINSEPAVNGEK,1,0,0,0,1
IWGGGGGGGGTIR,1,0,0,0,0
LGLQLHLAFPSQR,1,0,0,0,0
LAAAASAAALK,1,0,0,0,0
LIVASLGSSLLR,1,0,0,0,0
IISQIILDIK,1,0,0,0,0
DEVEGGAGAAGGGAR,1,0,0,0,0
GSFFAASSAEGPR,1,0,0,0,0
AAMAGASGGTPAAGGGGPR,1,0,0,0,0
HAAHAAAAAAPSR,1,0,0,0,0
SIQNGLLSWR,1,1,0,0,0
GLADAVDAGR,1,0,0,0,0
FSGFVTFSTEEAMR,1,0,0,0,0
GALDADPAGAAAGGGPGPR,1,0,0,0,0
QGAAAAAAPADGR,1,1,0,0,0
HCSNISLSSISLK,1,0,0,0,0
GASAAPSPR,1,0,0,0,0
TLDGVTLLR,1,0,0,0,0
QGLGASSLQECR,1,0,0,0,0
GGGPAAAAAAATPR,1,0,0,0,0
TSSPTSSPGASPR,1,0,0,0,0
EAAGDGGGGGGGGGGR,1,0,0,0,0
GGGGGGGGDGGGGVGGGGR,1,0,0,0,1
TTSATAAAAASR,1,0,0,0,0
AGGGGGGPR,1,1,0,1,0
LLLLVAASQLSR,1,0,0,0,0
STHGGADSHVSYTQDR,1,0,0,0,1
EAGAAAPGAESR,1,0,0,0,0
PGAGAAVGAVLR,1,0,0,0,0
VGAAAAAAAGEEAVDR,1,1,0,0,1
LSSIATISGGAPGR,1,0,0,0,0
LQVVEGSTVLTALH,1,0,0,0,0
EDEGGGGGGGGGGGR,1,0,0,0,0
SVLSLLPPLAPR,1,0,0,0,0
VIMLGLVPSIVR,1,0,0,0,0
GWVAGVGGGWWDR,1,0,0,0,0
VTMAALEAAR,1,0,0,0,0
LLAAAGAAAAGAR,1,0,0,0,0
QSAGLAGAR,1,0,0,0,0
VAADVGVAGAAAGAR,1,0,0,0,0
VSCDYLFLGDYVDR,1,0,0,0,0
EESGGGTGER,1,0,0,0,0
LPTNAAEVPIR,1,0,0,0,0
SAEAAAAAAR,1,1,0,0,0
SYVLLLLSFSK,1,0,0,0,0
SPSASASPASASR,1,0,0,0,0
GAAAAAAAPAR,1,0,0,0,0
SGGGGANAGEGEGVR,1,0,0,0,0
LVGVSEETTGNK,1,0,0,0,0
SSAHGDDQIGAR,1,0,0,0,0
GGGGGGGGGGSYGGSWGGGR,1,0,0,0,0
SVQGLLLTLK,1,0,0,0,0
GAWAAAAAPR,1,0,0,0,0
HPHPAAAGASAGGR,1,0,0,0,0
AAPAAGGGGAGR,1,0,0,0,0
GPAAAGGAAAR,1,0,0,0,0
NGLAAAAAAAAAQVK,1,0,0,0,0
LLLPAAGSAGAAASGGAAAAVR,1,0,0,0,0
GGGGGGGGGGGGGGGFGGWK,1,0,0,0,0
AMAGIDAGEGAAAAPPPEMSPQQR,0,1,0,0,0
DLLAIPLSTVPSEFAFSAGGR,0,1,0,0,1
GTAAAAAAAEGAR,0,1,0,0,0
AAVAAAAAGR,0,1,0,0,0
GHAGLGGLR,0,1,0,0,0
QSAPATGGVK,0,1,1,1,0
QAAAAAAAAQGAR,0,1,0,0,1
GSGLSLAGGR,0,1,0,0,0
FAAAAASLEPSPSASANGAAAR,0,1,0,0,0
NDNMATIVNTTEEEPMLAVVR,0,1,0,0,1
YNQLETEEETQEESDIK,0,1,0,0,0
MATTSVLLIK,0,1,0,0,0
LLLSILGPVCLS,0,1,0,0,0
GFQESGVAVEHILPDSPFASTTNK,0,1,0,1,1
LPDQVPVLPLK,0,1,0,0,0
IGALNASSR,0,1,0,0,0
SPSGAGAGVR,0,1,0,0,0
EGGGGGAGALPADVVVDNSR,0,1,0,0,0
AEAAVADER,0,1,0,0,0
AAAAAALGIGGEK,0,1,0,0,0
TGAEVIASLR,0,1,0,0,0
AGGIALGGGEEGGVGVVLR,0,1,0,0,0
IINEPTVAAIAYGLDK,0,1,0,0,0
SSILLFLYR,0,1,0,0,0
AHVPAGAGAGAVLR,0,1,0,0,0
HGALGTTHR,0,1,0,0,0
SLAGGALSR,0,1,0,0,0
QMPVLLQSR,0,1,0,0,0
GGGGGGGGGGDSR,0,1,1,0,1
GGGGYGGGGGNR,0,1,0,1,1
GAVVDGLPALTR,0,1,0,0,0
SIAQISTPDATSLLNQPYDK,0,1,0,0,0
EDALVLATR,0,1,0,0,0
EGSGGGGGGGGGASR,0,1,0,0,0
VGTGAPVYLAAVLEYLAAEVSR,0,1,0,0,0
LQMLMLINR,0,1,0,0,0
WVWLLLACSEQEDLR,0,1,0,0,0
PLLHQGGGGGGSAAR,0,1,0,0,0
AAAPGGGDGGR,0,1,0,0,0
AAAAALPWTR,0,1,0,0,0
ATAAASPDDEK,0,1,0,0,0
AAAAAAAAAAALNR,0,1,0,0,0
TYPVGFMDVISIPK,0,1,0,0,0
IASMAAAAGGGR,0,1,0,0,0
IDLGGGGGGGGSTAR,0,1,0,0,0
PSPSSPAAPWK,0,1,0,0,0
QQPAGGPPR,0,1,0,0,0
AAAGGAAAAGGAGQGR,0,1,0,0,0
PGAPAPGPPR,0,1,0,0,0
WLAAAAATVAR,0,1,0,0,1
VAAPAASQGR,0,1,0,0,0
QEHQGHGGSGPGDAIACK,0,1,0,0,0
PLAYVTGSGPR,0,1,0,0,0
VVLITWELSR,0,1,0,0,0
TPSWGLGIATR,0,1,0,0,0
ISASAAAAAAAR,0,1,0,0,0
ETFDTSDLNASLPAAAAGK,0,1,0,0,0
GCGGSHGGGGGGAASAR,0,1,0,0,0
SAAPWAAAGAGGAAAR,0,1,0,0,0
GGVAGVGGAGAR,0,1,0,0,0
PPAAGAGAADGAR,0,1,0,0,0
GGAVQVLAQ,0,1,0,0,0
HVSILLVLR,0,1,0,0,0
DGMGGGGGGGGGSYR,0,1,0,0,1
SSSFPVALTSR,0,1,0,0,0
LHLGNIGSSSIAPPK,0,1,0,0,0
VLITATSLAAR,0,1,0,0,0
AVDAASGGGPVGGAGLEPPR,0,1,0,0,0
GEAVGAGQGAAR,0,1,0,0,0
AAAAAAAAAAEAAATR,0,1,0,0,0
VHGGGGGGLLR,0,1,0,0,0
GGCGGVLVVLLASPR,0,1,0,0,0
GGAADAQPR,0,1,0,0,0
AVAAAAAAEPVR,0,1,0,0,0
SGLGGSSAIR,0,1,0,0,0
LLLDGSLFCSLLR,0,1,0,0,0
DATGSSEAATR,0,1,0,0,0
GGGGAGGGGVGAPR,0,1,0,0,0
GVNAAAAAAASAIE,0,1,0,0,0
LAGGGGGGGGGR,0,1,0,0,0
GLYGDLIGCTLVAPTR,0,1,0,0,0
CVLMSAGLSTELR,0,1,0,0,0
GAAAAAAAGSSGAPAR,0,1,0,0,0
GSSALASAR,0,1,0,0,0
AWTAAAAAAAAPR,0,1,0,0,0
QGGGGGGGGGGGGVVAR,0,1,0,0,0
DTAMDSTGTGAGGK,0,1,0,0,0
WSNQDLGTSVSQAIGILSR,0,1,0,0,0
AAAAGGAAAVAR,0,1,0,0,0
ALSGGGGAPAR,0,1,0,0,0
CDAGGGGGGGGQ,0,1,0,0,0
GLGNGGGGGGGGDGGGGK,0,1,0,0,0
EPVSGAGAVG,0,1,0,0,0
VAAAVGTGSR,0,1,0,0,0
AGGAAWASPR,0,1,0,0,0
CHLPAVFPSLLR,0,1,0,0,0
GAGGGGHAGGGVR,0,1,0,0,0
CAQVDVGLSDGSYAR,0,1,0,0,0
VIVVGAGMSGNNK,0,1,0,0,0
CGGGGGGGGGGAGGGGGLGGGR,0,1,0,0,0
LIDQVVHYLEER,0,1,0,0,0
CWTPAAAAAAAAR,0,1,0,0,0
IQGAAAAAAATR,0,1,0,0,0
AAGAAAAAGAR,0,1,0,0,0
PGGLAPLAVGAR,0,1,0,0,0
TLATAVTGGGGGGGGGGGGR,0,1,0,0,0
ISTIFLGLTR,0,1,0,0,0
GGAAAAAAAAR,0,1,0,0,0
EAAAGAAAAGAAP,0,1,0,0,0
PASAAAAAASEVR,0,1,0,0,0
SEGIGGGGGGTR,0,1,0,0,0
PISSIYLCSSR,0,1,0,0,0
FGGGGGGGGC,0,1,0,0,0
PEVGGAGSGGGYGGGGR,0,1,0,0,0
LLPAAAAAAHGPGR,0,1,0,0,0
PAGAGAGAAR,0,1,0,0,0
DMAAAAPAAGK,0,1,0,0,0
AAAAPAPAAGAGAGAAAAAR,0,1,0,0,0
SAAGAAGAAAGSGR,0,1,0,0,0
GAALAAAAAAAR,0,1,0,0,0
PAAGGGGGPR,0,1,0,0,0
LLLVLASMLR,0,1,0,0,0
ADAGGGGGGGGGGGGGVQV,0,1,0,1,0
DLAGAVGAAPR,0,1,0,0,0
GGLPGGAGTGGAGATATISR,0,1,0,0,0
LPMAGGGGAGAGSSSGGGGGGGR,0,1,0,0,0
AAGGGGGGGATR,0,1,0,0,0
LLPTAAAAAPPPR,0,1,0,0,0
GGGAGGGSLK,0,1,0,0,0
SLTLPLSPK,0,1,0,0,0
YVQIDASLDSLLK,0,1,0,0,0
APCSPAAAAAAAAIDR,0,1,0,0,0
GGGGAGAAGGGGGGGGGGGCVV,0,1,0,0,0
GAVVGPGGLLR,0,1,0,0,0
GGGGGGGGGNCGGTR,0,1,0,0,0
GHPEAGGGGAAAAR,0,1,0,0,0
AEAAVAAAAQR,0,1,0,0,0
HDSPQMIQQADNVGTR,0,0,1,1,1
IGDHLQSAESQR,0,0,1,1,1
LTAAAAAADDGAK,0,0,1,0,0
LESAAGQEDYMVR,0,0,1,0,0
LSAAAAAADDGAK,0,0,1,0,0
VHDEWFADEEHVR,0,0,1,0,0
GSIFEEPMSWR,0,0,1,0,0
HVADAGADGAAAAGAAAAAR,0,0,1,0,0
SPAAAAAPSR,0,0,1,0,0
QIVLAAIAIR,0,0,1,0,0
AAAAAAAAAAALSGNER,0,0,1,0,0
AQAGGGALPPAAPR,0,0,1,0,0
GGPISIPLPK,0,0,1,0,0
PAAISSSADAAPQVR,0,0,1,0,0
HAAVAAQAGR,0,0,1,0,0
SQQAAAAAAR,0,0,1,0,0
WAAAAAAAAAAGTGSSR,0,0,1,1,0
AAAAAAASGSR,0,0,1,0,0
VLLALPPSR,0,0,1,0,0
AQTLGASQR,0,0,1,0,0
LLSAAAAAAPR,0,0,1,0,0
LHWLGGGFHR,0,0,1,0,0
QEAPAAAAAAPR,0,0,1,0,0
LCFSVSSSSFR,0,0,1,0,0
LSAAAAAADR,0,0,1,0,0
PPAAVAPLSR,0,0,1,0,0
TLAAAAAAAPR,0,0,1,0,0
AAGAGGAAAR,0,0,1,0,0
GWVELALSIAR,0,0,1,0,0
AATAAAAAPPVR,0,0,1,0,0
GAVLGGVQGAGAVR,0,0,1,0,0
SGGGGGGGILR,0,0,1,0,0
FSLAVASIR,0,0,1,0,0
LLLCILILLIK,0,0,1,0,0
ATGGGAPPPAAAASPR,0,0,1,0,0
NNLGASVVCSLSK,0,0,1,0,0
SLTVGCANLGR,0,0,1,0,0
VAASTAADGEAVGDR,0,0,1,0,0
VIASTTSSPATSAR,0,0,1,0,0
AAAAAAAPAPTGW,0,0,1,0,0
AANAVEAAGEAAQVAQVR,0,0,1,0,0
QLTIQAGELHLYPVPVR,0,0,1,0,0
FELHLICELR,0,0,1,0,0
SAPTTLIASIPHR,0,0,1,0,0
TPWPETTTELPSELLDDK,0,0,0,1,0
VEASDLGNNFLLDEGCLGQPR,0,0,0,1,0
AAPAPAPAPAR,0,0,0,1,0
GVDGLFDSFAR,0,0,0,1,0
MAENESNPEGIPPSQGGK,0,0,0,1,0
IVALLVLSR,0,0,0,1,0
ILIGSNMEEYNK,0,0,0,1,0
LVGSALPPIPFQK,0,0,0,1,0
NEISASPEER,0,0,0,1,0
LLVTSGTAR,0,0,0,1,0
SLYLVIVVSMFR,0,0,0,1,0
DIDDLLTYGSR,0,0,0,1,0
FLGGGGGGGGGIK,0,0,0,1,0
QLPLQDELLDDDELR,0,0,0,1,0
PEVAGGGTLR,0,0,0,1,0
GGGGALLPR,0,0,0,1,0
VNLDDVVLGQIK,0,0,0,1,0
EDLAAAETTR,0,0,0,1,0
VGMLFGGGGGAR,0,0,0,1,0
EGVVVVALLR,0,0,0,1,0
LLLLLLLQLR,0,0,0,1,0
VLSASVLER,0,0,0,1,0
VALWVIEIAR,0,0,0,1,0
LLQEVEAWSCLIR,0,0,0,1,0
LLPGAGGGLR,0,0,0,1,0
ADGGGGGGGGADGGVVR,0,0,0,1,0
ILLADDELTQITNR,0,0,0,1,0
APAAAAAAVLAPAPR,0,0,0,1,0
AGEEEAAAAALSEER,0,0,0,1,0
VCMLGDAQHVEER,0,0,0,1,0
TSASTASIR,0,0,0,1,0
AGAAPGAAGPR,0,0,0,1,0
IGAGAGGGLR,0,0,0,1,0
QALNVLIILK,0,0,0,1,0
VPVLEDGDLTLFGK,0,0,0,1,0
GAPGGGGEGPR,0,0,0,1,0
NSILDIILSWK,0,0,0,1,0
YVLTLVLDIR,0,0,0,1,0
VPVVGAAQGAGAAR,0,0,0,1,0
VEPAEAGLVLR,0,0,0,1,0
LVGHPAAAAAAGGGGGVR,0,0,0,1,0
PPVGAGAGAGAAR,0,0,0,1,0
IAAPAAAAAAAER,0,0,0,1,0
PDTGYNGGGGGGGWR,0,0,0,1,1
PLSLSDLSPAPMHGSQLR,0,0,0,0,1
YLMEFNSTPGDLMELSPLFSDDSR,0,0,0,0,1
YNDFAHPLLTNSDFEAK,0,0,0,0,1
GDFSFDALFGGLVDELLPEYR,0,0,0,0,1
LNSLDEVDPELLNTFDR,0,0,0,0,1
DCSLFNGTVGAENIAAELK,0,0,0,0,1
QDEETSQQIEK,0,0,0,0,1
GYGGGGGGGGYGGGGGGGR,0,0,0,0,1
SGGGGGGGGAR,0,0,0,0,1
ILGLMSTLLR,0,0,0,0,1
LAEDFCGVEVR,0,0,0,0,1
PGGGGGGGGGGAGR,0,0,0,0,1
GGMLLGGEDMHR,0,0,0,0,1
ASFAAAAAAADADVK,0,0,0,0,1
PNAVDGTIPEVSPR,0,0,0,0,1
ILGLGDLGSQV,0,0,0,0,1
AAAGAAGPPLR,0,0,0,0,1
FVGGGGGGGGGGAR,0,0,0,0,1
QGGGGGGGGGGGGAGQR,0,0,0,0,1
AAAAAAATSPK,0,0,0,0,1
GDGGDGDGGGGGGR,0,0,0,0,1
VCVFGVGGGGGGGGGGGGGGGGTHSQT,0,0,0,0,1
GGGGGGGGGGGGGYR,0,0,0,0,1
GGGGGGGGGGEAR,0,0,0,0,1
VGSSGAGGAPR,0,0,0,0,1
PIVHPGGGGGGGGGGWR,0,0,0,0,1
AGISSSALPYK,0,0,0,0,1
VSFFLGGGGGGK,0,0,0,0,1
CPAPAAAAAAAAHR,0,0,0,0,1
QPPAGGGGGGAAGEGGPR,0,0,0,0,1
VAAAGYGGGGGGGR,0,0,0,0,1
